step,loss,instance_loss,prior_loss
1,1.4482423067092896,0.7503812313079834,0.6978610754013062
25,0.14779914915561676,0.01303236186504364,0.13476678729057312
50,0.3096174895763397,0.006115952041000128,0.30350154638290405
75,0.09071972966194153,0.017925098538398743,0.07279463112354279
100,0.11186856776475906,0.10644939541816711,0.0054191704839468
125,0.03425004333257675,0.004409829620271921,0.029840214177966118
150,0.10121676325798035,0.05263156443834305,0.048585195094347
175,0.1410055011510849,0.07506820559501648,0.06593729555606842
200,0.47108322381973267,0.21880309283733368,0.2522801160812378
225,0.011392894200980663,0.002283249981701374,0.00910964421927929
250,0.02348952367901802,0.007528195157647133,0.015961328521370888
275,0.04851318895816803,0.019555242732167244,0.028957946226000786
300,0.09933808445930481,0.02911899983882904,0.07021908462047577
325,0.1210179552435875,0.003404037095606327,0.11761391907930374
350,0.06350670009851456,0.05393408611416817,0.009572615846991539
375,0.05511637032032013,0.04129907116293907,0.013817297294735909
400,0.3974722623825073,0.1338808238506317,0.2635914385318756
425,0.11998344212770462,0.11608053743839264,0.0039029037579894066
450,0.07315510511398315,0.009278172627091408,0.0638769343495369
475,0.08036421984434128,0.02354615181684494,0.05681806802749634
500,0.609528124332428,0.10672382265329361,0.5028042793273926
525,0.1416487991809845,0.003177279606461525,0.13847151398658752
550,0.033408522605895996,0.00463731586933136,0.028771208599209785
575,0.3543453812599182,0.22081276774406433,0.1335325986146927
600,0.18652334809303284,0.15940618515014648,0.027117157354950905
625,0.1474517583847046,0.09029807150363922,0.05715368315577507
650,0.0956917479634285,0.004704154096543789,0.09098759293556213
675,0.13298185169696808,0.060342129319906235,0.07263972610235214
700,0.4429713487625122,0.1658482700586319,0.2771230936050415
725,0.6214605569839478,0.3892069458961487,0.23225358128547668
750,0.1211543008685112,0.008472896181046963,0.11268140375614166
775,0.6752341985702515,0.32592570781707764,0.34930849075317383
800,0.0496162474155426,0.0350201278924942,0.014596117660403252
